ECO799,LEC:
MSE314A,LEC:
PHY502,LEC:
BSE699,LEC:
CHM101A,LEC:
IME699,LEC:
CE699,LEC:
ENG799,LEC:
CHM799,LEC:
PHY399A,LEC:
CS699,LEC:
MTH799,LEC:
MSE312A,LEC:
PSY799,LEC:
BSE671,LEC:
PHY590,LEC:
PHY599,LEC:
PHY500,LEC:
ME799,LEC:
LT680,LEC:
EE699,LEC:
PHY462,LEC:
EEM699,LEC:
SOC799,LEC:
IME799,LEC:
BSE641,LEC:
AE361A,LEC:
PHY799,LEC:
LT799,LEC:
ME699,LEC:
DES799,LEC:
AE799,LEC:
CHM344A,LEC:
PHI799,LEC:
AE699,LEC:
PHY690,LEC:
EE799,LEC:
CS499,LEC:
BSE681,LEC:
MS799,LEC:
CHE699,LEC:
LT699,LEC:
NT699,LEC:
CHM443,LEC:
MSE315A,LEC:
DES699,LEC:
NT799,LEC:
PHY101A,LEC:
MSE699,LEC:
BSE702,LEC:
BSE701,LEC:
PHY697B,LEC:
BSE799,LEC:
CHE799,LEC:
CE799,LEC:
MS699,LEC:
CS799,LEC:
AE351A,LEC:
MSE799,LEC:
AE754,LEC: M 09:00-10:00 LH(NWTF);W 09:00-10:00
AE621,LEC: M 09:00-10:00 LH(NWTF);W 09:00-10:00
MBA616,LEC: M 09:30-10:30 C1;Th 09:00-10:30 C1;
CS252A,LEC: M 10:00-11:00 L5;
MBA663A,LEC: M 10:30-12:00 C2;F 09:00-10:30 C2;
MBA663,LEC: M 10:30-12:00 C2;F 09:00-10:30 C2;
AE641,LEC: M 11:00-12:00 AE04;ThF 10:00-11:00 AE04;
BSE222A,LEC: M 11:00-12:00 BSBH;TF 12:00-13:00 BSBH;
BSE341,LEC: M 11:00-12:00 BSBH;TF 12:00-13:00 BSBH;
BSE652,LEC: M 11:00-12:00 BSBH;ThF 10:00-11:00 BSBH;
PHY473,LEC: M 11:00-12:00 L12;F 10:00-11:00 L12;TUT: Th
ECO261A,LEC: M 11:00-12:00 L13;TF 12:00-13:00 L13;
CHE221A,LEC: M 11:00-12:00 L3;TF 12:00-13:00 L3;
CE272A,LEC: M 11:00-12:00 L4;TF 12:00-13:00 L4;
CS203B,LEC: M 11:00-12:00 L5;TF 12:00-13:00 L5;
CS202A,LEC: M 11:00-12:00 L5;TF 12:00-13:00 L5;
PHY473A,LEC: M 11:00-12:00 REQ;F 10:00-11:00 REQ;
MTH664A,LEC: M 11:00-12:00 REQ;TF 10:00-11:00 REQ;
MTH664,LEC: M 11:00-12:00 REQ;TF 10:00-11:00 REQ;
MTH621A,LEC: M 11:00-12:00 REQ;TF 10:00-11:00 REQ;
MSE616A,LEC: M 11:00-12:00 REQ;ThF 10:00-11:00 REQ;
ENG445A,LEC: M 11:00-12:00 REQ;ThF 10:00-11:00 REQ;
ENG435A,LEC: M 11:00-12:00 REQ;ThF 10:00-11:00 REQ;
ENG433,LEC: M 11:00-12:00 REQ;ThF 10:00-11:00 REQ;
ENG435,LEC: M 11:00-12:00 REQ;ThF 10:00-11:00 REQ;
PHI442A,LEC: M 11:00-12:00 REQ;ThF 10:00-11:00 REQ;
CS676,LEC: M 11:00-12:00 REQ;ThF 10:00-11:00 REQ;
PHI448A,LEC: M 11:00-12:00 REQ;ThF 10:00-11:00 REQ;
PHY622,LEC: M 11:00-12:00 REQ;ThF 10:00-11:00 REQ;
ECO423,LEC: M 11:00-12:00 REQ;ThF 10:00-11:00 REQ;
ECO423A,LEC: M 11:00-12:00 REQ;ThF 10:00-11:00 REQ;
PHI442,LEC: M 11:00-12:00 REQ;ThF 10:00-11:00 REQ;
MTH621,LEC: M 11:00-12:00 REQ;ThF 10:00-11:00 REQ;
ME664,LEC: M 11:00-12:00 REQ;ThF 10:00-11:00 REQ;
CS682,LEC: M 11:00-12:00 REQ;ThF 10:00-11:00 REQ;
ME664A,LEC: M 11:00-12:00 REQ;ThF 10:00-11:00 REQ;
PHI448,LEC: M 11:00-12:00 REQ;ThF 10:00-11:00 REQ;
PHI446,LEC: M 11:00-12:00 REQ;ThF 10:00-11:00 REQ;
CHM612,LEC: M 11:00-12:00 REQ;ThF 10:00-11:00 REQ;
ENG433A,LEC: M 11:00-12:00 REQ;ThF 10:00-11:00 REQ;
EE622A,LEC: M 11:00-12:00 REQ;ThF 10:00-11:00 REQ;
CHM612A,LEC: M 11:00-12:00 REQ;ThF 10:00-11:00 REQ;
PHI446A,LEC: M 11:00-12:00 REQ;ThF 10:00-11:00 REQ;
MSE616,LEC: M 11:00-12:00 REQ;ThF 10:00-11:00 REQ;
ENG445,LEC: M 11:00-12:00 REQ;ThF 10:00-11:00 REQ;
CHM341,LEC: M 11:00-12:00 T206;TF 12:00-13:00 T206;
CHM242A,LEC: M 11:00-12:00 T206;TF 12:00-13:00 T206;
CHE802,LEC: M 12:00-13:00 REQ;
CHE702,LEC: M 12:00-13:00 REQ;
AE687,LEC: M 12:00-13:30 AE04;T 09:00-10:30 AE04;
BSE634,LEC: M 12:00-13:30 BSBH;T 09:00-10:30 BSBH;
MBA671,LEC: M 12:00-13:30 C2;T 09:00-10:30 C2;
MBA671A,LEC: M 12:00-13:30 C2;T 09:00-10:30 C2;
EE642,LEC: M 12:00-13:30 REQ;T 09:00-10:30 REQ;
CS654,LEC: M 12:00-13:30 REQ;T 09:00-10:30 REQ;
MTH679A,LEC: M 12:00-13:30 REQ;T 09:00-10:30 REQ;
EE642A,LEC: M 12:00-13:30 REQ;T 09:00-10:30 REQ;
ME622,LEC: M 12:00-13:30 REQ;T 09:00-10:30 REQ;
EE623A,LEC: M 12:00-13:30 REQ;T 09:00-10:30 REQ;
ME642,LEC: M 12:00-13:30 REQ;T 09:00-10:30 REQ;
ME665,LEC: M 12:00-13:30 REQ;T 09:00-10:30 REQ;
ME665A,LEC: M 12:00-13:30 REQ;T 09:00-10:30 REQ;
EE661A,LEC: M 12:00-13:30 REQ;T 09:00-10:30 REQ;
MTH679,LEC: M 12:00-13:30 REQ;T 09:00-10:30 REQ;
EE623,LEC: M 12:00-13:30 REQ;T 09:00-10:30 REQ;
ME622A,LEC: M 12:00-13:30 REQ;T 09:00-10:30 REQ;
CS644,LEC: M 12:00-13:30 REQ;T 09:00-10:30 REQ;
EE661,LEC: M 12:00-13:30 REQ;T 09:00-10:30 REQ;
PHY642,LEC: M 12:30-13:30 REQ;T 09:00-10:30 REQ;
AE698,LEC: M 14:00-15:30 LH(NWTF);W 14:00-15:30
MTH751A,LEC: M 15:00-16:00 REQ;TW 16:00-17:00 REQ;
MTH751,LEC: M 15:00-16:00 REQ;TW 16:00-17:00 REQ;
MTH755,LEC: M 15:00-16:00 REQ;TW 16:00-17:00 REQ;
MTH205,LEC: M 15:00-16:00 REQ;TW 16:00-17:00 REQ;TUT: F
MTH205A,LEC: M 15:00-16:00 REQ;TW 16:00-17:00 REQ;TUT: F
AE612,LEC: M 15:30-17:00 LH(NWTF);W 15:30-17:00
EE311A,LEC: MF 12:00-13:00 REQ;T 09:00-10:00 REQ;
MTH622,LEC: MF 16:00-17:00 REQ;W 14:00-15:00 REQ;
MTH622A,LEC: MF 16:00-17:00 REQ;W 14:00-15:00 REQ;
PHY690H,LEC: MF 16:00-17:00 REQ;W 14:00-15:00 REQ;
MTH516A,LEC: MF 16:00-17:00 REQ;W 14:00-15:00 REQ;TUT:
MTH516,LEC: MF 16:00-17:00 REQ;W 14:00-15:00 REQ;TUT:
BSE216,LEC: MTF 10:00-11:00 BSBH;
BSE221A,LEC: MTF 10:00-11:00 BSBH;
MTH421,LEC: MTF 10:00-11:00 L8;TUT: W 10:00-11:00 L8;
MTH421A,LEC: MTF 10:00-11:00 L8;TUT: W 10:00-11:00 L8;
MTH514A,LEC: MTF 14:00-15:00 REQ;TUT: W 11:00-12:00 REQ;
MTH404,LEC: MTF 14:00-15:00 REQ;TUT: W 11:00-12:00 REQ;
MTH404A,LEC: MTF 14:00-15:00 REQ;TUT: W 11:00-12:00 REQ;
MTH514,LEC: MTF 14:00-15:00 REQ;TUT: W 11:00-12:00 REQ;
MBA616A,LEC: MTh 09:00-10:30 C1;
MBA634,LEC: MTh 09:00-10:30 C2;
MBA634A,LEC: MTh 09:00-10:30 C2;
IME625A,LEC: MTh 09:00-10:30 C3;
IME625,LEC: MTh 09:00-10:30 C3;
AE678,LEC: MTh 11:00-12:00 AE04;F 10:00-11:00 AE04;
PSO201A,LEC: MTh 12:00-13:00 L2;TUT: W 12:00-13:00
ME751A,LEC: MTh 17:00-18:30 REQ;
ME751,LEC: MTh 17:00-18:30 REQ;
ESO204,LEC: MThF 08:00-09:00 L16;TUT: W 08:00-09:00
ESO202A,LEC: MThF 08:00-09:00 L16;TUT: W 08:00-09:00
ESO209,LEC: MThF 08:00-09:00 L7;TUT: W 08:00-09:00
MSO201A,LEC: MThF 08:00-09:00 L7;TUT: W 08:00-09:00
EE622,LEC: MThF 10:00-11:00 REQ;
AE341A,LEC: MW 08:00-09:00 AE04;F 11:00-12:00 AE04;
BSE322A,LEC: MW 08:00-09:00 BSBH;Th 14:00-15:00 BSBH;
BSE322,LEC: MW 08:00-09:00 BSBH;Th 14:00-15:00 BSBH;
BSE653,LEC: MW 08:00-09:00 BSBH;Th 14:00-15:00 BSBH;
BSE633,LEC: MW 08:00-09:00 BSBH;Th 14:00-15:00 BSBH;
ECO342A,LEC: MW 08:00-09:00 FB657;Th 14:00-15:00 FB657;
CS335A,LEC: MW 08:00-09:00 HRKD101;Th 14:00-15:00
CHE381A,LEC: MW 08:00-09:00 L13;Th 14:00-15:00 L13;
EE340A,LEC: MW 08:00-09:00 L2;Th 10:00-11:00 L2;TUT: F
ME354A,LEC: MW 08:00-09:00 L6;F 11:00-12:00 L6;
EE640,LEC: MW 08:00-09:00 REQ;Th 14:00-15:00 REQ;
EE640A,LEC: MW 08:00-09:00 REQ;Th 14:00-15:00 REQ;
EE665,LEC: MW 08:00-09:00 REQ;Th 14:00-15:00 REQ;
MSE650A,LEC: MW 08:00-09:00 REQ;Th 14:00-15:00 REQ;
ME762,LEC: MW 08:00-09:00 REQ;Th 14:00-15:00 REQ;
EE665A,LEC: MW 08:00-09:00 REQ;Th 14:00-15:00 REQ;
ME639,LEC: MW 08:00-09:00 REQ;Th 14:00-15:00 REQ;
ME762A,LEC: MW 08:00-09:00 REQ;Th 14:00-15:00 REQ;
EE629,LEC: MW 08:00-09:00 REQ;Th 14:00-15:00 REQ;
MSE650,LEC: MW 08:00-09:00 REQ;Th 14:00-15:00 REQ;
ME639A,LEC: MW 08:00-09:00 REQ;Th 14:00-15:00 REQ;
EE629A,LEC: MW 08:00-09:00 REQ;Th 14:00-15:00 REQ;
MTH416A,LEC: MW 08:00-09:00 REQ;Th 14:00-15:00 REQ;TUT:
PHY553,LEC: MW 08:00-09:00 REQ;Th 14:00-15:00 REQ;TUT:
MTH416,LEC: MW 08:00-09:00 REQ;Th 14:00-15:00 REQ;TUT:
CHM342A,LEC: MW 08:00-09:00 T206;Th 14:00-15:00 T206;
CHM442,LEC: MW 08:00-09:00 T206;Th 14:00-15:00 T206;
MTH424,LEC: MW 08:00-09:00 WL221;Th 14:00-15:00
MTH424A,LEC: MW 08:00-09:00 WL221;Th 14:00-15:00
CHM201N,LEC: MW 09:00-10:00 L7;F 09:00-10:00
CHM102A,LEC: MW 09:00-10:00 L7;F 09:00-10:00
AE690,LEC: MW 10:00-11:00 AE01;F 12:00-13:00 AE01;
AE675,LEC: MW 10:00-11:00 AE04;F 12:00-13:00 AE04;
MSE480,LEC: MW 10:00-11:00 REQ;
ME600,LEC: MW 10:00-11:00 REQ;
CS698B,LEC: MW 10:00-11:00 REQ;F 12:00-13:00 REQ;
ME778,LEC: MW 10:00-11:00 REQ;F 12:00-13:00 REQ;
CHM689,LEC: MW 10:00-11:00 REQ;F 12:00-13:00 REQ;
ART411,LEC: MW 10:00-11:00 REQ;F 12:00-13:00 REQ;
MSE653A,LEC: MW 10:00-11:00 REQ;F 12:00-13:00 REQ;
ECO424,LEC: MW 10:00-11:00 REQ;F 12:00-13:00 REQ;
ENG432,LEC: MW 10:00-11:00 REQ;F 12:00-13:00 REQ;
ART701A,LEC: MW 10:00-11:00 REQ;F 12:00-13:00 REQ;
ME691,LEC: MW 10:00-11:00 REQ;F 12:00-13:00 REQ;
ART701,LEC: MW 10:00-11:00 REQ;F 12:00-13:00 REQ;
ENG432A,LEC: MW 10:00-11:00 REQ;F 12:00-13:00 REQ;
CHM689A,LEC: MW 10:00-11:00 REQ;F 12:00-13:00 REQ;
ART402,LEC: MW 10:00-11:00 REQ;F 12:00-13:00 REQ;
ME663,LEC: MW 10:00-11:00 REQ;F 12:00-13:00 REQ;
MSE653,LEC: MW 10:00-11:00 REQ;F 12:00-13:00 REQ;
ME778A,LEC: MW 10:00-11:00 REQ;F 12:00-13:00 REQ;
ME691A,LEC: MW 10:00-11:00 REQ;F 12:00-13:00 REQ;
ECO424A,LEC: MW 10:00-11:00 REQ;F 12:00-13:00 REQ;
ART402A,LEC: MW 10:00-11:00 REQ;F 12:00-13:00 REQ;
ART411A,LEC: MW 10:00-11:00 REQ;F 12:00-13:00 REQ;
PHY412A,LEC: MW 10:00-11:00 REQ;Th 14:00-15:00 REQ;TUT:
PHY412,LEC: MW 10:00-11:00 REQ;Th 14:00-15:00 REQ;TUT:
SE316,LEC: MW 10:00-11:00 REQ;Th 14:00-15:00 REQ;TUT:
ME341A,LEC: MW 11:00-12:00 L6;F 14:00-15:00 L6;
MBA647A,LEC: MW 14:00-15:30 C2;
MBA647,LEC: MW 14:00-15:30 C2;
EE662,LEC: MW 14:00-15:30 REQ;
ME728,LEC: MW 14:00-15:30 REQ;
EE662A,LEC: MW 14:00-15:30 REQ;
MSE681A,LEC: MW 14:00-15:30 REQ;
MSE681,LEC: MW 14:00-15:30 REQ;
ME728A,LEC: MW 14:00-15:30 REQ;
MBA661,LEC: MW 15:30-17:00 C1;
IME641,LEC: MW 15:30-17:00 C1;
MBA661A,LEC: MW 15:30-17:00 C1;
IME641A,LEC: MW 15:30-17:00 C1;
MBA652A,LEC: MW 15:30-17:00 C2;
MBA652,LEC: MW 15:30-17:00 C2;
EE666A,LEC: MW 15:30-17:00 REQ;
MSE604A,LEC: MW 15:30-17:00 REQ;
CHE463,LEC: MW 15:30-17:00 REQ;
CHM696,LEC: MW 15:30-17:00 REQ;
EE626A,LEC: MW 15:30-17:00 REQ;
EE666,LEC: MW 15:30-17:00 REQ;
PHY617,LEC: MW 15:30-17:00 REQ;
CHM696A,LEC: MW 15:30-17:00 REQ;
MSE604,LEC: MW 15:30-17:00 REQ;
CS422A,LEC: MW 15:30-17:00 REQ;
EE626,LEC: MW 15:30-17:00 REQ;
AE604,LEC: MW 17:00-18:30 AE04;
MBA607,LEC: MW 17:00-18:30 C2;
MBA607A,LEC: MW 17:00-18:30 C2;
IME624,LEC: MW 17:00-18:30 C3;
IME624A,LEC: MW 17:00-18:30 C3;
MBA640A,LEC: MW 17:00-18:30 C5;
MBA640,LEC: MW 17:00-18:30 C5;
MSE628,LEC: MW 17:00-18:30 REQ;
CS698E,LEC: MW 17:00-18:30 REQ;
MTH653A,LEC: MW 17:00-18:30 REQ;
ME626A,LEC: MW 17:00-18:30 REQ;
MTH653,LEC: MW 17:00-18:30 REQ;
PHY695,LEC: MW 17:00-18:30 REQ;
MTH759A,LEC: MW 17:00-18:30 REQ;
EE686,LEC: MW 17:00-18:30 REQ;
EE686A,LEC: MW 17:00-18:30 REQ;
ME626,LEC: MW 17:00-18:30 REQ;
CHM626,LEC: MW 17:00-18:30 REQ;
CHM626A,LEC: MW 17:00-18:30 REQ;
MTH759,LEC: MW 17:00-18:30 REQ;
CHE688,LEC: MW 17:00-18:30 REQ;
MSE628A,LEC: MW 17:00-18:30 REQ;
MTH522,LEC: MW 17:00-18:30 REQ;TUT: F 12:00-13:00 REQ;
MTH522A,LEC: MW 17:00-18:30 REQ;TUT: F 12:00-13:00 REQ;
AE681,LEC: MWF 09:00-10:00 AE04;
AE211A,LEC: MWF 09:00-10:00 AE04;TUT: Th 09:00-10:00
CS345A,LEC: MWF 09:00-10:00 HRKD101;
CHE331A,LEC: MWF 09:00-10:00 L13;
MTH308A,LEC: MWF 09:00-10:00 L8;TUT: Th 09:00-10:00 L8;
MTH308,LEC: MWF 09:00-10:00 L8;TUT: Th 09:00-10:00 L8;
PHY692,LEC: MWF 09:00-10:00 REQ;
ME623,LEC: MWF 09:00-10:00 REQ;
ME623A,LEC: MWF 09:00-10:00 REQ;
ME634,LEC: MWF 09:00-10:00 REQ;
CHE659,LEC: MWF 09:00-10:00 REQ;
EE321A,LEC: MWF 09:00-10:00 REQ;
ME634A,LEC: MWF 09:00-10:00 REQ;
CS646,LEC: MWF 09:00-10:00 REQ;
MS602,LEC: MWF 09:00-10:00 REQ;
MTH511A,LEC: MWF 09:00-10:00 REQ;TUT: Th 09:00-10:00
MTH513A,LEC: MWF 09:00-10:00 REQ;TUT: Th 09:00-10:00
MTH513,LEC: MWF 09:00-10:00 REQ;TUT: Th 09:00-10:00
MTH511,LEC: MWF 09:00-10:00 REQ;TUT: Th 09:00-10:00
CHM202A,LEC: MWF 09:00-10:00 T206;
CHM302,LEC: MWF 09:00-10:00 T206;
PHY610,LEC: MWF 09:00-10:30 REQ;
ECO221A,LEC: MWF 10:00-11:00 FB657;
CHM222A,LEC: MWF 10:00-11:00 L16;
MSE202A,LEC: MWF 10:00-11:00 L1;TUT: T 10:00-11:00 L1;
EE210A,LEC: MWF 10:00-11:00 L2;TUT: T 10:00-11:00
CHE211A,LEC: MWF 10:00-11:00 L3;
CE242A,LEC: MWF 10:00-11:00 L4;
ME231A,LEC: MWF 10:00-11:00 L6;
MTH102A,LEC: MWF 10:00-11:00 L7;T 10:00-11:00
MS605,LEC: MWF 10:00-11:00 REQ;
LT611,LEC: MWF 10:00-11:00 SL215;
PHY103A,LEC: MWF 11:00-12:00 L7;TUT: T 11:00-12:00
MS614,LEC: MWF 11:00-12:00 REQ;
ESC101A,LEC: MWF 12:00-13:00 L7;TUT: T 12:00-13:00
PHY621,LEC: MWF 14:00-15:00 REQ;
PHY102A,LEC: MWF 15:00-16:00 L7;TUT: Th 15:00-16:00
ENG112,LEC: MWF 17:00-18:00 T106;TUT: Th 17:00-18:00
ENG112C,LEC: MWF 17:00-18:00 T106;TUT: Th 17:00-18:00
ESO210,LEC: MWTh 12:00-13:00 L16;TUT: F 17:00-18:00
ESO203A,LEC: MWTh 12:00-13:00 L16;TUT: F 17:00-18:00
CSO202A,LEC: MWTh 12:00-13:00 L17;TUT: F 17:00-18:00
SE331,LEC: MWTh 12:00-13:00 L17;TUT: F 17:00-18:00
CSO201A,LEC: MWTh 12:00-13:00 L1;TUT: F 17:00-18:00
ESO201A,LEC: MWTh 12:00-13:00 L3;TUT: F 17:00-18:00
ESO202,LEC: MWTh 12:00-13:00 L3;TUT: F 17:00-18:00
ESC201A,LEC: MWTh 17:00-18:00 L7;TUT: T 17:00-18:00
ART105A,LEC: MWTh 17:00-18:00 REQ;
ART105,LEC: MWTh 17:00-18:00 REQ;TUT: T 17:00-18:00
ECO101,LEC: MWTh 17:00-18:00 REQ;TUT: T 17:00-18:00
ECO101A,LEC: MWTh 17:00-18:00 REQ;TUT: T 17:00-18:00
PSY151A,LEC: MWTh 17:00-18:00 REQ;TUT: T 17:00-18:00
SOC171A,LEC: MWTh 17:00-18:00 REQ;TUT: T 17:00-18:00
PSY151,LEC: MWTh 17:00-18:00 REQ;TUT: T 17:00-18:00
ENG124A,LEC: MWTh 17:00-18:00 REQ;TUT: T 17:00-18:00
ENG124,LEC: MWTh 17:00-18:00 REQ;TUT: T 17:00-18:00
PHI140,LEC: MWTh 17:00-18:00 REQ;TUT: T 17:00-18:00
SOC171,LEC: MWTh 17:00-18:00 REQ;TUT: T 17:00-18:00
PHI140A,LEC: MWTh 17:00-18:00 REQ;TUT: T 17:00-18:00
MBA678A,LEC: T 08:00-09:00 C2;Th 17:00-18:30 C2;
CHE391A,LEC: T 08:00-09:00 L13;
TA202A,LEC: T 08:00-09:00 L7;
TA201A,LEC: T 09:00-10:00 L7;
AE648,LEC: T 10:30-12:00 AE04;Th 12:00-13:30 AE04;
BSE631,LEC: T 10:30-12:00 BSBH;Th 12:00-13:30 BSBH;
MBA621A,LEC: T 10:30-12:00 C1;Th 12:00-13:30 C1;
MBA621,LEC: T 10:30-12:00 C1;Th 12:00-13:30 C1;
MBA677,LEC: T 10:30-12:00 C2;Th 12:00-13:30 C2;
MBA677A,LEC: T 10:30-12:00 C2;Th 12:00-13:30 C2;
EE644,LEC: T 10:30-12:00 REQ;Th 12:00-13:30 REQ;
MTH631,LEC: T 10:30-12:00 REQ;Th 12:00-13:30 REQ;
EE670A,LEC: T 10:30-12:00 REQ;Th 12:00-13:30 REQ;
EE635,LEC: T 10:30-12:00 REQ;Th 12:00-13:30 REQ;
MTH631A,LEC: T 10:30-12:00 REQ;Th 12:00-13:30 REQ;
CHE362,LEC: T 10:30-12:00 REQ;Th 12:00-13:30 REQ;
ME770A,LEC: T 10:30-12:00 REQ;Th 12:00-13:30 REQ;
CS743,LEC: T 10:30-12:00 REQ;Th 12:00-13:30 REQ;
EE670,LEC: T 10:30-12:00 REQ;Th 12:00-13:30 REQ;
ME757,LEC: T 10:30-12:00 REQ;Th 12:00-13:30 REQ;
EE611A,LEC: T 10:30-12:00 REQ;Th 12:00-13:30 REQ;
EE644A,LEC: T 10:30-12:00 REQ;Th 12:00-13:30 REQ;
ME770,LEC: T 10:30-12:00 REQ;Th 12:00-13:30 REQ;
EE611,LEC: T 10:30-12:00 REQ;Th 12:00-13:30 REQ;
EE635A,LEC: T 10:30-12:00 REQ;Th 12:00-13:30 REQ;
CS640,LEC: T 10:30-12:00 REQ;Th 12:00-13:30 REQ;
MSE605A,LEC: T 10:30-12:00 REQ;Th 12:00-13:30 REQ;
CS628,LEC: T 10:30-12:00 REQ;Th 12:00-13:30 REQ;
ME757A,LEC: T 10:30-12:00 REQ;Th 12:00-13:30 REQ;
BSE391,LEC: T 11:00-12:00 BSBH;
BSE223A,LEC: T 11:00-12:00 BSBH;
AE747,LEC: T 12:00-13:30 LH(NWTF);W 12:00-13:30
CS746,LEC: T 12:00-13:30 REQ;W 12:00-13:00 REQ;
MTH693,LEC: T 12:00-13:30 REQ;W 12:00-13:00 REQ;
TA101A,LEC: T 15:00-16:00 L7;Th 14:00-15:00 L7;
AE650,LEC: T 15:30-17:00 LH(NWTF);F 15:30-17:00
ME752,LEC: T 17:00-18:30 REQ;Th 16:00-17:30 REQ;
ME752A,LEC: T 17:30-19:30 REQ;Th 17:00-18:30 REQ;
MSE320,LEC: T 18:00-19:00 REQ;W 12:00-13:00 REQ;Th
AE251A,LEC: TF 12:00-13:00 AE04;
MSE204A,LEC: TF 12:00-13:00 L1;
ME222A,LEC: TF 12:00-13:00 L6;
LIF101A,LEC: TF 14:00-15:00 L7;
EE643,LEC: TF 14:00-15:30 REQ;
EE631,LEC: TF 14:00-15:30 REQ;
CS365A,LEC: TF 14:00-15:30 REQ;
EE631A,LEC: TF 14:00-15:30 REQ;
ME756A,LEC: TF 14:00-15:30 REQ;
MSE638A,LEC: TF 14:00-15:30 REQ;
ME647,LEC: TF 14:00-15:30 REQ;
MSE638,LEC: TF 14:00-15:30 REQ;
ME756,LEC: TF 14:00-15:30 REQ;
EE643A,LEC: TF 14:00-15:30 REQ;
ME647A,LEC: TF 14:00-15:30 REQ;
MBA666,LEC: TF 15:30-17:00 C2;
MBA666A,LEC: TF 15:30-17:00 C2;
IME642A,LEC: TF 15:30-17:00 C3;
IME642,LEC: TF 15:30-17:00 C3;
MSE683,LEC: TF 15:30-17:00 REQ;
CS315A,LEC: TF 15:30-17:00 REQ;
ME627A,LEC: TF 15:30-17:00 REQ;
MSE683A,LEC: TF 15:30-17:00 REQ;
ME649A,LEC: TF 15:30-17:00 REQ;
CHM695,LEC: TF 15:30-17:00 REQ;
ME627,LEC: TF 15:30-17:00 REQ;
CHE602,LEC: TF 15:30-17:00 REQ;
ME649,LEC: TF 15:30-17:00 REQ;
CHM616A,LEC: TF 15:30-17:00 REQ;
CHM695A,LEC: TF 15:30-17:00 REQ;
CHM616,LEC: TF 15:30-17:00 REQ;
EE698V,LEC: TF 15:30-17:00 REQ;
MSE605,LEC: TTh 10:30-12:00 REQ;
AE322A,LEC: TTh 14:00-15:00 AE04;W 11:00-12:00 AE04;
MSE304A,LEC: TTh 14:00-15:00 L1;
CE372A,LEC: TTh 14:00-15:00 L4;
ME351A,LEC: TTh 14:00-15:00 L6;
BSE392,LEC: TTh 15:00-16:00 BSBH;
BSE321A,LEC: TTh 15:00-16:00 BSBH;
CE352A,LEC: TTh 15:00-16:00 L16;
MSE305A,LEC: TTh 15:00-16:00 L1;
AE625,LEC: TTh 17:00-18:30 AE04;
MBA678,LEC: TTh 17:00-18:30 C2;
IME634A,LEC: TTh 17:00-18:30 C3;
IME634,LEC: TTh 17:00-18:30 C3;
PHY680,LEC: TTh 17:00-18:30 REQ;
CHE674,LEC: TTh 17:00-18:30 REQ;
MTH426,LEC: TTh 17:00-18:30 REQ;
CE382A,LEC: TThF 08:00-09:00 L4;
EE633,LEC: TThF 08:00-09:00 REQ;
EE301A,LEC: TThF 08:00-09:00 REQ;
MTH306,LEC: TThF 08:00-09:00 REQ;
MTH306A,LEC: TThF 08:00-09:00 REQ;
EE633A,LEC: TThF 08:00-09:00 REQ;
CHE600,LEC: TThF 08:00-09:00 REQ;
MSE421A,LEC: TThF 08:00-09:00 REQ;
EE600,LEC: TThF 08:00-09:00 REQ;
EE600A,LEC: TThF 08:00-09:00 REQ;
MSE350,LEC: TThF 08:00-09:00 REQ;TUT: M 12:00-13:00
MTH401A,LEC: TThF 08:00-09:00 REQ;TUT: W 10:00-11:00
MTH401,LEC: TThF 08:00-09:00 REQ;TUT: W 10:00-11:00
PHY422A,LEC: TThF 08:00-09:00 REQ;TUT: W 11:00-12:00
PHY422,LEC: TThF 08:00-09:00 REQ;TUT: W 11:00-12:00
EE250A,LEC: TThF 11:00-12:00 L2;TUT: W 11:00-12:00
PHY210A,LEC: TThF 11:00-12:00 WL228;TUT: W 11:00-12:00
PHY226B,LEC: TThF 11:00-12:00 WL228;TUT: W 11:00-12:00
EE381A,LEC: TUT: M 11:00-12:00 L2;T 09:00-10:00 L2;F
EE619A,LEC: TW 12:00-13:00 REQ;
EE360A,LEC: TW 12:00-13:00 REQ;F 16:00-17:00 REQ;
AE676,LEC: TW 12:00-13:30 AE01;
BSE680,LEC: TW 12:00-13:30 BSBH;
MBA628A,LEC: TW 12:00-13:30 C2;
MBA628,LEC: TW 12:00-13:30 C2;
IME611,LEC: TW 12:00-13:30 C3;
IME611A,LEC: TW 12:00-13:30 C3;
EE608A,LEC: TW 12:00-13:30 REQ;
CS698D,LEC: TW 12:00-13:30 REQ;
EE649,LEC: TW 12:00-13:30 REQ;
EE649A,LEC: TW 12:00-13:30 REQ;
CHE662,LEC: TW 12:00-13:30 REQ;
PHY312,LEC: TW 12:00-13:30 REQ;
ME765,LEC: TW 12:00-13:30 REQ;
SE307,LEC: TW 12:00-13:30 REQ;
CHM481A,LEC: TW 12:00-13:30 REQ;
CHM481,LEC: TW 12:00-13:30 REQ;
MSE680,LEC: TW 12:00-13:30 REQ;
ME850A,LEC: TW 12:00-13:30 REQ;
ME850,LEC: TW 12:00-13:30 REQ;
MTH693A,LEC: TW 12:00-13:30 REQ;
EE608,LEC: TW 12:00-13:30 REQ;
MSE680A,LEC: TW 12:00-13:30 REQ;
EE619,LEC: TW 12:00-13:30 REQ;
CHE613,LEC: TW 12:00-13:30 REQ;
PHY312A,LEC: TW 12:00-13:30 REQ;
CS634,LEC: TW 12:00-13:30 REQ;
PHY432A,LEC: TW 12:00-13:30 REQ;TUT: F 11:00-12:00 REQ;
PHY432,LEC: TW 12:00-13:30 REQ;TUT: F 11:00-12:00 REQ;
MTH101A,LEC: TWF 08:00-09:00 L8;TUT: Th 08:00-09:00 L8;
CS201A,LEC: TWF 10:00-11:00 L11;
MSE203A,LEC: TWF 11:00-12:00 L1;
MTH302A,LEC: TWF 11:00-12:00 L8;
MTH752,LEC: TWF 15:00-16:00 REQ;
MTH752A,LEC: TWF 15:00-16:00 REQ;
PHY690I,LEC: TWF 15:00-16:00 REQ;
MTH418,LEC: TWF 15:00-16:00 REQ;TUT: M 10:00-11:00 REQ;
MTH418A,LEC: TWF 15:00-16:00 REQ;TUT: M 10:00-11:00 REQ;
MTH304,LEC: TWF 15:00-16:00 REQ;TUT: Th 10:00-11:00
MTH304A,LEC: TWF 15:00-16:00 REQ;TUT: Th 11:00-12:00
AE462,LEC: Th 08:00-09:00 REQ;
COM200,LEC: Th 09:00-10:00 L7;
IME700,LEC: Th 10:30-12:00 C3;F 14:00-15:30 C3;
MBA649,LEC: Th 14:00-15:30 REQ;F 10:30-12:00 REQ;
MBA630,LEC: Th 15:30-17:00 C2;F 17:00-18:30 C2;
MBA630A,LEC: Th 15:30-17:00 C2;F 17:00-18:30 C2;
MS698,LEC: Th 16:00-17:00 ACMS;
MBA665,LEC: W 09:00-10:30 C2;F 12:00-13:30 C2;
MBA665A,LEC: W 09:00-10:30 C2;F 12:00-13:30 C2;
CE262A,LEC: WF 11:00-12:00 L17;
CHE261A,LEC: WF 11:00-12:00 L3;
MBA633A,LEC: WTh 10:30-12:00 C2;
MBA633,LEC: WTh 10:30-12:00 C2;
BSE636,LEC: WThF 11:00-12:00 BSBH;
ECO311A,LEC: WThF 11:00-12:00 FB657;
CS220A,LEC: WThF 11:00-12:00 L5;
CS698C,LEC: WThF 11:00-12:00 REQ;
ME774A,LEC: WThF 11:00-12:00 REQ;
CS719,LEC: WThF 11:00-12:00 REQ;
ME773,LEC: WThF 11:00-12:00 REQ;
ME774,LEC: WThF 11:00-12:00 REQ;
CHE642,LEC: WThF 11:00-12:00 REQ;
ME773A,LEC: WThF 11:00-12:00 REQ;
HSS702,LEC: WThF 11:00-12:00 REQ;
PSY468A,LEC: WThF 11:00-12:00 REQ;
PSY451A,LEC: WThF 11:00-12:00 REQ;
PSY468,LEC: WThF 11:00-12:00 REQ;
MSE422A,LEC: WThF 11:00-12:00 REQ;
PSY458A,LEC: WThF 11:00-12:00 REQ;
HSS702A,LEC: WThF 11:00-12:00 REQ;
PSY458,LEC: WThF 11:00-12:00 REQ;
MSE617A,LEC: WThF 11:00-12:00 REQ;
PSY451,LEC: WThF 11:00-12:00 REQ;
PSY454,LEC: WThF 11:00-12:00 REQ;
PSY454A,LEC: WThF 11:00-12:00 REQ;
MSE617,LEC: WThF 11:00-12:00 REQ;
CHM322A,LEC: WThF 11:00-12:00 T206;
CHM422,LEC: WThF 11:00-12:00 T206;